post_title,post_text,upvotes,downvotes,post_title_neutral,post_title_positive,post_title_negative,post_text_neutral,post_text_positive,post_text_negative
A not so /g/entleman,,12178.0,0.0,0.7329248189926147,0.009675242938101292,0.25739991664886475,,,
Anon plays a game,,10912.0,0.0,0.9806748032569885,0.009868667460978031,0.009456491097807884,,,
_,,10359.0,0.0,0.9354937672615051,0.05199023708701134,0.012516115792095661,,,
Anon has autism,,10137.0,0.0,0.29787272214889526,0.006112321279942989,0.696014940738678,,,
Anon takes a look back,,10048.0,0.0,0.9798770546913147,0.01580861583352089,0.004314286634325981,,,
