post_title,post_text,upvotes,downvotes,post_title_neutral,post_title_positive,post_title_negative,post_text_neutral,post_text_positive,post_text_negative
Just be safe.,,70710.0,0.0,0.7220961451530457,0.2744978964328766,0.003406005911529064,,,
It’s still cool in my 30s,,56206.0,0.0,0.011540877632796764,0.9873117208480835,0.001147426781244576,,,
Waking the kids up for school at 6am came awfully early this morning...,,38165.0,0.0,0.11828570812940598,0.005393089726567268,0.8763212561607361,,,
Inflation my ass,,37129.0,0.0,0.03322075679898262,0.006087058689445257,0.9606922268867493,,,
It was a simpler time.,,34334.0,0.0,0.8387644290924072,0.1588878184556961,0.002347680740058422,,,
