post_title,post_text,upvotes,downvotes,post_title_neutral,post_title_positive,post_title_negative,post_text_neutral,post_text_positive,post_text_negative
"artistic integrity is under attack, me, digital, 2023",,150005.0,0.0,0.07421797513961792,0.003203257452696562,0.922578752040863,,,
"""Going to the local football derby"", Me, Digital, 2022",,56850.0,0.0,0.9560607671737671,0.0422191359102726,0.0017202225280925632,,,
"Ouch!, me, ClipStudioPaint, 2023",,57940.0,0.0,0.9575262665748596,0.03479669243097305,0.007676986511796713,,,
"Watering hole fashion show, me,acrylic,2023",,48406.0,0.0,0.9758292436599731,0.02161133661866188,0.0025594523176550865,,,
"Sun cat, by me, pencil, 2022",,35862.0,0.0,0.9236636757850647,0.07471290975809097,0.001623443211428821,,,
