post_title,post_text,upvotes,downvotes,post_title_neutral,post_title_positive,post_title_negative,post_text_neutral,post_text_positive,post_text_negative
Humanity must go on I guess,,51379.0,0.0,0.9202669858932495,0.07407926023006439,0.0056536695919930935,,,
I don’t even know what to say anymore,,50773.0,0.0,0.12030777335166931,0.0062033385038375854,0.8734888434410095,,,
Definitely don’t need to be here,,50488.0,0.0,0.038349926471710205,0.0038769636303186417,0.9577731490135193,,,
Talking about making tough decisions.,,47493.0,0.0,0.9475922584533691,0.021533016115427017,0.03087472729384899,,,
"Just watch JoJo, bro",,47405.0,0.0,0.9702743887901306,0.02559828758239746,0.00412730872631073,,,
