post_title,post_text,upvotes,downvotes,post_title_neutral,post_title_positive,post_title_negative,post_text_neutral,post_text_positive,post_text_negative
Mirror mirror on the wall,,95965.0,0.0,0.9246368408203125,0.07220412790775299,0.0031591018196195364,,,
[OC] I hate Christmas car commercials,,79463.0,0.0,0.012340481393039227,0.005053966771811247,0.9826055765151978,,,
Career Day,,69456.0,0.0,0.8596989512443542,0.13815578818321228,0.0021453052759170532,,,
[OC] Sarge?!,,66665.0,0.0,0.9755447506904602,0.018323799595236778,0.006131472997367382,,,
Not a dog person,,62364.0,0.0,0.4541606605052948,0.012404012493789196,0.5334353446960449,,,
