post_title,post_text,upvotes,downvotes,post_title_neutral,post_title_positive,post_title_negative,post_text_neutral,post_text_positive,post_text_negative
Aren't ya gonna come down? (Digital edit),,10520.0,0.0,0.8937702775001526,0.10482032597064972,0.001409415272064507,,,
Escapism,,6274.0,0.0,0.9591724872589111,0.03726889193058014,0.003558590542525053,,,
Stagefright (OC),,6276.0,0.0,0.6276515126228333,0.008435714058578014,0.36391279101371765,,,
The Galloping Hessian (Digital edit),,6178.0,0.0,0.9729459881782532,0.024564221501350403,0.0024898401461541653,,,
Arsonist,,6120.0,0.0,0.08691243827342987,0.004121648613363504,0.9089658856391907,,,
