post_title,post_text,upvotes,downvotes,post_title_neutral,post_title_positive,post_title_negative,post_text_neutral,post_text_positive,post_text_negative
Confidently responding 10 hours later with this kinder tier comeback.,,21204.0,0.0,0.7821783423423767,0.21481163799762726,0.003010006621479988,,,
Such a hero,,15623.0,0.0,0.00856838095933199,0.9890106320381165,0.0024209809489548206,,,
This.,,15198.0,0.0,0.9539142847061157,0.028167134150862694,0.01791861467063427,,,
That sounds like a you-problem,,11610.0,0.0,0.034121472388505936,0.0035732819233089685,0.9623051881790161,,,
This is just sad,,10341.0,0.0,0.015661923214793205,0.007731772493571043,0.9766063094139099,,,
