post_title,post_text,upvotes,downvotes,post_title_neutral,post_title_positive,post_title_negative,post_text_neutral,post_text_positive,post_text_negative
"New Year, Same Me",,92865.0,0.0,0.35426270961761475,0.6443148255348206,0.0014224746264517307,,,
explain how tf that works,,92638.0,0.0,0.08641345053911209,0.004796250257641077,0.9087902903556824,,,
rip my friend,,64442.0,0.0,0.8297842741012573,0.04220190271735191,0.12801381945610046,,,
why can't you just be normal,,64091.0,0.0,0.10766354203224182,0.003847370157018304,0.8884890675544739,,,
do they pray 5 times per earth day or ISS day?,,64032.0,0.0,0.9453242421150208,0.05266997590661049,0.002005774760618806,,,
