post_title,post_text,upvotes,downvotes,post_title_neutral,post_title_positive,post_title_negative,post_text_neutral,post_text_positive,post_text_negative
[OC] Costco's 2022 Income Statement visualized with a Sankey Diagram,,42503.0,0.0,0.9744550585746765,0.02301361970603466,0.0025312926154583693,,,
[OC] Surge in Egg Prices in the U.S.,,41291.0,0.0,0.5464847683906555,0.023624200373888016,0.42989102005958557,,,
[OC] I tracked every hour of my life for 5 years.,,40642.0,0.0,0.9388599991798401,0.037585873156785965,0.02355405129492283,,,
[OC] The origins of Germany's natural gas,,32289.0,0.0,0.9798650741577148,0.012104075402021408,0.008030824363231659,,,
[OC] The Top 10 Wealthiest Billionaires,,31204.0,0.0,0.6911154985427856,0.30550557374954224,0.003378884866833687,,,
