post_title,post_text,upvotes,downvotes,post_title_neutral,post_title_positive,post_title_negative,post_text_neutral,post_text_positive,post_text_negative
"A dreamy morning. Fiordland, New Zealand {OC} (1500x1000)",,37417.0,0.0,0.3562444746494293,0.6426396369934082,0.0011158449342474341,,,
Alpenglow in the Whistler backcountry [4672x5840][OC],,36250.0,0.0,0.9764507412910461,0.02085847035050392,0.0026908419094979763,,,
Winter at the Grand Canyon [OC] [2755x4308],,36062.0,0.0,0.9809993505477905,0.015830036252737045,0.0031706434674561024,,,
A desert rose in Yemen. In the background the Arabic sea [OC] [1080x1080],,34424.0,0.0,0.9806006550788879,0.015952011570334435,0.0034473566338419914,,,
"A sunset reflection near the town of Banff, Canada. [OC] [1600x2000]",,26274.0,0.0,0.962547779083252,0.03567986935377121,0.0017722956836223602,,,
