post_title,post_text,upvotes,downvotes,post_title_neutral,post_title_positive,post_title_negative,post_text_neutral,post_text_positive,post_text_negative
german riot police defeated and humiliated by some kind of mud wizard,,169260.0,0.0,0.022186024114489555,0.00343976984731853,0.9743742346763611,,,
Triumph 2024 🇺🇲,,122775.0,0.0,0.5493641495704651,0.44894787669181824,0.0016880183247849345,,,
The American dream,,102593.0,0.0,0.80210280418396,0.12859784066677094,0.06929930299520493,,,
Integrity will remain a pipe dream,,95487.0,0.0,0.3079962134361267,0.006668680813163519,0.685335099697113,,,
What the fuck is wrong with people,,91092.0,0.0,0.00939157698303461,0.008064301684498787,0.9825441241264343,,,
