post_title,post_text,upvotes,downvotes,post_title_neutral,post_title_positive,post_title_negative,post_text_neutral,post_text_positive,post_text_negative
[homemade] strawberry vanilla cake,,29353.0,0.0,0.8785176277160645,0.11957418918609619,0.0019082131329923868,,,
[Homemade] French Onion Burger,,28341.0,0.0,0.9311431646347046,0.06682377308607101,0.002033144934102893,,,
[homemade] breakfast burrito,,21821.0,0.0,0.9121602773666382,0.08563211560249329,0.002207646844908595,,,
[Homemade] Galaxy Raspberry Cheesecake,,21570.0,0.0,0.871631920337677,0.12662476301193237,0.001743316650390625,,,
Beef and Lamb gyro with tzatziki sauce and fries start to finish. [homemade],,21534.0,0.0,0.9458537101745605,0.05237818881869316,0.0017680582823231816,,,
