post_title,post_text,upvotes,downvotes,post_title_neutral,post_title_positive,post_title_negative,post_text_neutral,post_text_positive,post_text_negative
[OC] Butter Chicken,,16736.0,0.0,0.9262208342552185,0.07204876095056534,0.0017303908243775368,,,
Sourdoughbaguette,,14901.0,0.0,0.9300737977027893,0.06519575417041779,0.004730365239083767,,,
Sizzling Pepperoni Pizza,,12690.0,0.0,0.5326430201530457,0.46550673246383667,0.0018502188613638282,,,
"Made a wellington burger, absolutely amazing!",,11176.0,0.0,0.006257175467908382,0.9922332763671875,0.0015095138223841786,,,
"I’ve been a pretty adventurous cook for about 15 years, but I’ve recently been trying my hand at baking. Here’s my first attempt at cinnamon rolls.",,10461.0,0.0,0.23295991122722626,0.7656499743461609,0.001390176243148744,,,
