post_title,post_text,upvotes,downvotes,post_title_neutral,post_title_positive,post_title_negative,post_text_neutral,post_text_positive,post_text_negative
House Of The Dragon wins Golden Globe for Best Drama,,11311.0,0.0,0.20890791714191437,0.7897939682006836,0.0012980850879102945,,,
Sheesh! Talk about chemistry,,9269.0,0.0,0.10821213573217392,0.01109304279088974,0.8806948661804199,,,
The most underrated and underutilised duo in the whole show imo,,9214.0,0.0,0.5937526226043701,0.30070948600769043,0.10553785413503647,,,
Brianne the Beauty!,,7952.0,0.0,0.0074286069720983505,0.9910616278648376,0.0015098393196240067,,,
GRRM’s Westeros and D&D’s Westeros,,7831.0,0.0,0.9716297388076782,0.007571387104690075,0.020798899233341217,,,
