post_title,post_text,upvotes,downvotes,post_title_neutral,post_title_positive,post_title_negative,post_text_neutral,post_text_positive,post_text_negative
|[Image] | screenshot of tweet by Douglas Lumsden | This has been my lock screen for a long time. I hope you all find it as helpful and inspiring as I have.,,33544.0,0.0,0.557702898979187,0.44094204902648926,0.001355042215436697,,,
[image] Brilliant,,32981.0,0.0,0.015082065016031265,0.9837217926979065,0.0011960765114054084,,,
"Progress, NOT Perfection",,30817.0,0.0,0.16922573745250702,0.0063621713779866695,0.8244120478630066,,,
[Image] This is the energy I’m bringing to 2023.,,30787.0,0.0,0.9750874638557434,0.022407865151762962,0.0025047091767191887,,,
[Image] Tough journey to Oscars,,27745.0,0.0,0.7505843639373779,0.011819254606962204,0.23759640753269196,,,
