post_title,post_text,upvotes,downvotes,post_title_neutral,post_title_positive,post_title_negative,post_text_neutral,post_text_positive,post_text_negative
Classic Cinnamon Rolls,,5603.0,0.0,0.0369253046810627,0.9617448449134827,0.00132984877564013,,,
Crème Brûlée,,5036.0,0.0,0.9296020269393921,0.06704773008823395,0.0033502199221402407,,,
Tomato-Ricotta Sauce with Mushrooms,,4027.0,0.0,0.9250461459159851,0.07300157099962234,0.0019523069495335221,,,
How to cook Pork Belly Burnt Ends,,3875.0,0.0,0.5835055708885193,0.00948925781995058,0.4070051908493042,,,
Reverse Seared Tomahawk Steak,,3560.0,0.0,0.9767038822174072,0.016475694254040718,0.00682035181671381,,,
