post_title,post_text,upvotes,downvotes,post_title_neutral,post_title_positive,post_title_negative,post_text_neutral,post_text_positive,post_text_negative
A father looking for his two missing sons that went missing during the Kosovo war in 1999.[1242x816],,33410.0,0.0,0.7832821607589722,0.010276286862790585,0.2064414620399475,,,
"Statue of Liberty towering over Paris just before it was disassembled and shipped to New York, 1886. [1242x1466]",,30561.0,0.0,0.9651334285736084,0.03297398239374161,0.0018926251213997602,,,
"The Old Cincinnati Library before being demolished, 1874-1955 [1600x1580]",,21536.0,0.0,0.940010130405426,0.009320319630205631,0.05066956952214241,,,
"A Filipino-American family posing for a family portrait, Philippines 1912 [328x599]",,19516.0,0.0,0.9834310412406921,0.013265049085021019,0.0033039208501577377,,,
Maori women from New Zealand in 1902.[687x495],,19310.0,0.0,0.9841051697731018,0.011523027904331684,0.004371856804937124,,,
