post_title,post_text,upvotes,downvotes,post_title_neutral,post_title_positive,post_title_negative,post_text_neutral,post_text_positive,post_text_negative
M as in Mancy?,,32747.0,0.0,0.9819256067276001,0.013737984001636505,0.004336440935730934,,,
It's just not his day.,,28280.0,0.0,0.07620077580213547,0.0038357514422386885,0.9199634790420532,,,
She got kombucha'd,,25325.0,0.0,0.6653292179107666,0.008895894512534142,0.3257749080657959,,,
This is going to cost her some money...,,24794.0,0.0,0.22417709231376648,0.004307800903916359,0.7715150713920593,,,
down he goes,,24336.0,0.0,0.9091418981552124,0.02616184391081333,0.06469625979661942,,,
