post_title,post_text,upvotes,downvotes,post_title_neutral,post_title_positive,post_title_negative,post_text_neutral,post_text_positive,post_text_negative
This is how you close a bag of chips.,,44817.0,0.0,0.9582452178001404,0.013641104102134705,0.02811368554830551,,,
A life hack to make your messy cabinet cleaner,,35972.0,0.0,0.64595627784729,0.3336675763130188,0.020376134663820267,,,
Cleaning old Coffee Pots,,29343.0,0.0,0.9433431029319763,0.04592447727918625,0.010732430033385754,,,
folding tape,,30985.0,0.0,0.9419639110565186,0.041688498109579086,0.01634756661951542,,,
Alpine Butterfly Knot,,21584.0,0.0,0.9735352993011475,0.01594090461730957,0.010523797012865543,,,
