post_title,post_text,upvotes,downvotes,post_title_neutral,post_title_positive,post_title_negative,post_text_neutral,post_text_positive,post_text_negative
French Class - Robot Tune [chip tune] (2019),,783.0,0.0,0.9428603649139404,0.05523030459880829,0.0019093212904408574,,,
Number Girl - Toumei Shoujo [indie rock/post-punk/J-rock] (1999),,602.0,0.0,0.9657955169677734,0.032126158475875854,0.002078361576423049,,,
Witchcraft - An Alternative to Freedom [Doom Metal] (2012),,587.0,0.0,0.897988498210907,0.10043869912624359,0.0015727613354101777,,,
Fanny - Charity Ball [Rock] (1971),,441.0,0.0,0.9588224291801453,0.03963378071784973,0.0015437831170856953,,,
FLIPPENDO ! — Space Cartel [chiptune] (2022),,428.0,0.0,0.8842008709907532,0.1100335642695427,0.005765597335994244,,,
