post_title,post_text,upvotes,downvotes,post_title_neutral,post_title_positive,post_title_negative,post_text_neutral,post_text_positive,post_text_negative
me_irl,,67653.0,0.0,0.9508626461029053,0.046841640025377274,0.0022957019973546267,,,
me_irl,,67204.0,0.0,0.9508626461029053,0.046841640025377274,0.0022957019973546267,,,
me_irl,,66605.0,0.0,0.9508626461029053,0.046841640025377274,0.0022957019973546267,,,
me_irl,,64146.0,0.0,0.9508626461029053,0.046841640025377274,0.0022957019973546267,,,
me irl,,62914.0,0.0,0.9274861812591553,0.0695834532380104,0.0029303343035280704,,,
