post_title,post_text,upvotes,downvotes,post_title_neutral,post_title_positive,post_title_negative,post_text_neutral,post_text_positive,post_text_negative
Destruction,,117201.0,0.0,0.07351646572351456,0.008171861059963703,0.9183117747306824,,,
Hotel > AirBNB,,110273.0,0.0,0.8736913800239563,0.12375569343566895,0.0025528885889798403,,,
How did you even manage to get yourself in this predicament?,,104369.0,0.0,0.05972643196582794,0.002975610550493002,0.9372979998588562,,,
Puss in Boots vs Avatar,,90956.0,0.0,0.9675248861312866,0.027425413951277733,0.00504974415525794,,,
Kai is a menace too,,84584.0,0.0,0.020647378638386726,0.0041018943302333355,0.975250780582428,,,
