post_title,post_text,upvotes,downvotes,post_title_neutral,post_title_positive,post_title_negative,post_text_neutral,post_text_positive,post_text_negative
We found neighbouring houses with the same colours as our jackets,,118109.0,0.0,0.9683019518852234,0.016751009970903397,0.014946971088647842,,,
This fox that lives at the top of my Granny's hedge,,98546.0,0.0,0.6802256107330322,0.015069191344082355,0.3047052323818207,,,
My 2022 year in review (drinking calendar),,95457.0,0.0,0.9746893048286438,0.022533701732754707,0.002776947570964694,,,
This randomly illuminated patch of street,,88120.0,0.0,0.9694045186042786,0.02695908211171627,0.003636423032730818,,,
"Of the 69 things they tested me for, I'm allergic to 60 of them.",,87022.0,0.0,0.07485698163509369,0.003834713948890567,0.9213083386421204,,,
