post_title,post_text,upvotes,downvotes,post_title_neutral,post_title_positive,post_title_negative,post_text_neutral,post_text_positive,post_text_negative
Concrete repair work. I love watching someone who has mastered his trade.,,91436.0,0.0,0.01376490481197834,0.9850782155990601,0.0011569206835702062,,,
The way this concession clerk serves popcorn,,85389.0,0.0,0.34554556012153625,0.013018285855650902,0.6414361596107483,,,
Getting out every bit of cheese,,82288.0,0.0,0.9312907457351685,0.018663909286260605,0.05004539713263512,,,
"Playing Jianzi, an ancient game in China",,82829.0,0.0,0.9532440900802612,0.04467744752764702,0.002078466583043337,,,
Satisfying Audi headlight system.,,77566.0,0.0,0.009282859042286873,0.9896419644355774,0.0010751803638413548,,,
