post_title,post_text,upvotes,downvotes,post_title_neutral,post_title_positive,post_title_negative,post_text_neutral,post_text_positive,post_text_negative
Seen this on twitter.,,27420.0,0.0,0.9777867794036865,0.014963432215154171,0.007249816786497831,,,
"when you gotta go, you gotta go",,13752.0,0.0,0.9563822150230408,0.03140559419989586,0.012212218716740608,,,
Blizzard gone in China…?,,13556.0,0.0,0.790295422077179,0.006451294291764498,0.20325331389904022,,,
I Can Now Say: Lvl. 45 Is Too High,,13122.0,0.0,0.10720929503440857,0.0036492834333330393,0.8891414999961853,,,
POV: you are being headpatted by Ramattra,,12668.0,0.0,0.9379248023033142,0.006002826616168022,0.056072358042001724,,,
