post_title,post_text,upvotes,downvotes,post_title_neutral,post_title_positive,post_title_negative,post_text_neutral,post_text_positive,post_text_negative
Ubisoft: Listen here you little shit!,,90012.0,0.0,0.012542213313281536,0.004588790237903595,0.9828689694404602,,,
Let’s fucking go,,72629.0,0.0,0.14787527918815613,0.07971136271953583,0.7724133133888245,,,
Anyone else going to be like this tonight?,,56069.0,0.0,0.9742242097854614,0.02228204719722271,0.0034937497694045305,,,
Firefox/Firefox derivatives gang,,54304.0,0.0,0.8288859128952026,0.16709227859973907,0.004021819215267897,,,
Daily reminder to disable shit you don't want from starting up with your system,,54017.0,0.0,0.14632347226142883,0.006158297881484032,0.8475182056427002,,,
