post_title,post_text,upvotes,downvotes,post_title_neutral,post_title_positive,post_title_negative,post_text_neutral,post_text_positive,post_text_negative
PsBattle: Incredibly Fast Cat,,28422.0,0.0,0.856418251991272,0.13568158447742462,0.007900133728981018,,,
PsBattle: Cat behind a hanging monster's statue.,,21318.0,0.0,0.8036051392555237,0.008719117380678654,0.18767577409744263,,,
PsBattle: Puppy sitting on sand,,19086.0,0.0,0.9393132328987122,0.01262661162763834,0.04806013032793999,,,
PsBattle: A big carrot,,13869.0,0.0,0.9665027856826782,0.021433025598526,0.012064129114151001,,,
PsBattle: Smiling Kitty,,12640.0,0.0,0.046625517308712006,0.9525852799415588,0.0007892195135354996,,,
