post_title,post_text,upvotes,downvotes,post_title_neutral,post_title_positive,post_title_negative,post_text_neutral,post_text_positive,post_text_negative
"Andrew and Tristan Tate were arrested, they are accused of human trafficking",,190790.0,0.0,0.08052592724561691,0.0029838362243026495,0.9164902567863464,,,
Greta Thunberg carried away by police during eco protest in German village,,136838.0,0.0,0.744739830493927,0.007691820152103901,0.24756833910942078,,,
Smogless Los Angeles during COVID quarantine,,118811.0,0.0,0.646291971206665,0.00848480500280857,0.3452232778072357,,,
Andrew Tate handcuffed in prison van,,115058.0,0.0,0.4286849796772003,0.00588990980759263,0.5654250979423523,,,
Saw this sign in a local store today.,,114804.0,0.0,0.963305652141571,0.03433641418814659,0.002357912017032504,,,
