post_title,post_text,upvotes,downvotes,post_title_neutral,post_title_positive,post_title_negative,post_text_neutral,post_text_positive,post_text_negative
"I made a science-style, vintage-looking poster with the Gen I bug Pokémon (other posters to come!)",,60568.0,0.0,0.47502684593200684,0.5237203240394592,0.0012528281658887863,,,
A real hydro homie 💧,,53362.0,0.0,0.46245670318603516,0.5349828004837036,0.0025605210103094578,,,
"You seemed to like my vintage poster with the bug Pokémon, now it's time for the aquatics!",,51159.0,0.0,0.8373758792877197,0.15867502987384796,0.003949105739593506,,,
The Ideal Pokémon Game,,39157.0,0.0,0.520872950553894,0.47712263464927673,0.0020043335389345884,,,
The (Elite) 4 Genders,,28541.0,0.0,0.978245735168457,0.018311932682991028,0.00344223459251225,,,
