post_title,post_text,upvotes,downvotes,post_title_neutral,post_title_positive,post_title_negative,post_text_neutral,post_text_positive,post_text_negative
"the streets of Baku, Azerbaijan",,11145.0,0.0,0.9817350506782532,0.009640189819037914,0.008624796755611897,,,
"The beauty of the sawtooths, Idaho",,7178.0,0.0,0.04020069167017937,0.9587130546569824,0.0010862941853702068,,,
A week in Rapa Nui (Easter Island),,6788.0,0.0,0.9646527767181396,0.033545590937137604,0.0018016645917668939,,,
The breathtaking natural beauty of Kauai (December 2022),,6319.0,0.0,0.0851520523428917,0.9139429330825806,0.0009049540385603905,,,
"Singapore is incredible, especially at night!",,5970.0,0.0,0.005959972273558378,0.9922863245010376,0.0017537240637466311,,,
