post_title,post_text,upvotes,downvotes,post_title_neutral,post_title_positive,post_title_negative,post_text_neutral,post_text_positive,post_text_negative
Happy new year everybody,,128658.0,0.0,0.008200796321034431,0.9901822209358215,0.0016169227892532945,,,
a solid answer,,107694.0,0.0,0.022337621077895164,0.976294994354248,0.001367300166748464,,,
Big fella’s new raincoat,,92732.0,0.0,0.9704399108886719,0.025948110967874527,0.0036118952557444572,,,
the Cold side hit deferent,,88816.0,0.0,0.5064079165458679,0.009627366438508034,0.4839647114276886,,,
Hamburger,,82628.0,0.0,0.9651792049407959,0.02705257199704647,0.007768252864480019,,,
