post_title,post_text,upvotes,downvotes,post_title_neutral,post_title_positive,post_title_negative,post_text_neutral,post_text_positive,post_text_negative
sweet dad and daughter ❤️,,115725.0,0.0,0.008743083104491234,0.9898410439491272,0.0014158664271235466,,,
What a glorious day!,,107229.0,0.0,0.006153823807835579,0.9919180274009705,0.0019282113062217832,,,
it's okay to be sad sometimes.,,104225.0,0.0,0.8202881813049316,0.01912211813032627,0.16058970987796783,,,
always true,,102569.0,0.0,0.5952305793762207,0.40164005756378174,0.0031293677166104317,,,
it applies to other jobs as well,,92306.0,0.0,0.9692025780677795,0.025625284761190414,0.005172127392143011,,,
