post_title,post_text,upvotes,downvotes,post_title_neutral,post_title_positive,post_title_negative,post_text_neutral,post_text_positive,post_text_negative
Perfectly aligned cloud,,47608.0,0.0,0.019668057560920715,0.9790889620780945,0.001242930768057704,,,
My latest artwork. Ink and watercolors.,,42522.0,0.0,0.8921282887458801,0.1065196841955185,0.001352054881863296,,,
Patterns in slow-motion splashes,,38298.0,0.0,0.9702024459838867,0.025358662009239197,0.004438937641680241,,,
Into the sky.,,36011.0,0.0,0.6794017553329468,0.3188404142856598,0.0017578606493771076,,,
An astronomer's birthday cake,,35591.0,0.0,0.7698054313659668,0.2282865047454834,0.0019080968340858817,,,
