post_title,post_text,upvotes,downvotes,post_title_neutral,post_title_positive,post_title_negative,post_text_neutral,post_text_positive,post_text_negative
this is a real patent held by sony,,41536.0,0.0,0.9566765427589417,0.040886394679546356,0.0024370311293751,,,
This guy has a different thumb,,23223.0,0.0,0.8934130668640137,0.008997711353003979,0.09758923947811127,,,
Hershey is being sued after tests showed its dark chocolate contained 'dangerous and harmful' lead and cadmium,,22656.0,0.0,0.027308203279972076,0.0030642168130725622,0.9696275591850281,,,
Right to the face,,21499.0,0.0,0.9091148376464844,0.019549096003174782,0.07133607566356659,,,
Found this seductress while fishing,,21269.0,0.0,0.8600814938545227,0.09236234426498413,0.04755617678165436,,,
